use dtbase;
insert into User values('1@1.com','202cb962ac59075b964b07152d234b70 ');
insert into User values('2@2.com','202cb962ac59075b964b07152d234b70 ');
insert into User values('3@3.com','202cb962ac59075b964b07152d234b70 ');
insert into User values('4@4.com','202cb962ac59075b964b07152d234b70 ');
insert into User values('5@5.com','202cb962ac59075b964b07152d234b70 ');	


insert into Idea values('1','1@1.com','eat apple','health','an apple a day, keep doctors away!','2015-03-25 10:52:58');
insert into Idea values('2','1@1.com','U of T donation','education','The best university ever on the planet','2014-03-25 10:52:58');
insert into Idea values('4','2@2.com','Orange watch','technology','Smart watch, change the world!','2015-03-15 10:52:58');
insert into Idea values('5','2@2.com','Invest your money on RBBC','finance','Wise investment, choose RBBC','2012-03-25 11:52:58');
insert into Idea values('7','5@5.com','eat Orange','health','an orange a day, keep doctors away!','2015-04-17 10:52:58');
insert into Idea values('8','4@4.com','eat lemon','health','an lemon a day, keep doctors away!','2015-03-14 10:22:58');
insert into Idea values('9','2@2.com','eat watermelon','health','an watermelon a day, keep doctors away!','2015-03-21 10:32:58');


insert into Likes values('1@1.com','4','1');
insert into Likes values('3@3.com','4','1');
insert into Likes values('4@4.com','4','1');
insert into Likes values('5@5.com','4','1');

insert into Likes values('1@1.com','9','1');
insert into Likes values('3@3.com','9','1');

insert into Likes values('4@4.com','1','1');
insert into Likes values('5@5.com','1','1');

insert into Likes values('3@3.com','8','1');
insert into Likes values('5@5.com','8','1');

insert into Likes values('3@3.com','7','1');
